{
  "meta": {
    "name": "카카오",
    "code": "035720",
    "collected_at": "2026-04-05 14:05"
  },
  "현재가": 45200.0,
  "베타": 0.88004,
  "발행주식수_보통": 443000995,
  "발행주식수_우선": 0,
  "자기주식": 2449723,
  "PER": 54.13,
  "12M_PER": null,
  "업종_PER": 18.42,
  "PBR": 2.36,
  "배당수익률": 0.12,
  "EV_EBITDA": 19.42,
  "annual": {
    "years": [
      "2021",
      "2022",
      "2023",
      "2024",
      "2025"
    ],
    "매출액": [
      59105.0,
      67987.0,
      75570.0,
      78640.0,
      80991.0
    ],
    "영업이익": [
      5879.0,
      5694.0,
      4609.0,
      4953.0,
      7320.0
    ],
    "당기순이익": [
      16405.0,
      10670.0,
      -18167.0,
      -1619.0,
      5180.0
    ],
    "지배주주순이익": [
      13873.0,
      13580.0,
      -10126.0,
      553.0,
      4915.0
    ],
    "비지배주주순이익": [
      2532.0,
      -2910.0,
      -8041.0,
      -2171.0,
      265.0
    ],
    "자산총계": [
      227846.0,
      229635.0,
      251800.0,
      257730.0,
      277835.0
    ],
    "부채총계": [
      92162.0,
      94478.0,
      113214.0,
      118301.0,
      125586.0
    ],
    "자본총계": [
      135683.0,
      135157.0,
      138586.0,
      139429.0,
      152249.0
    ],
    "지배주주지분": [
      99646.0,
      99837.0,
      97637.0,
      101413.0,
      112762.0
    ],
    "비지배주주지분": [
      36037.0,
      35320.0,
      40949.0,
      38016.0,
      39487.0
    ],
    "자본금": [
      446.0,
      446.0,
      445.0,
      444.0,
      443.0
    ],
    "ROA": [
      9.44,
      4.66,
      -7.55,
      -0.64,
      1.93
    ],
    "ROE": [
      0.17079999999999998,
      0.1362,
      -0.1026,
      0.005600000000000001,
      0.045899999999999996
    ],
    "EPS": [
      3121.0,
      3049.0,
      -2276.0,
      124.0,
      1110.0
    ],
    "BPS": [
      22349.0,
      22416.0,
      21951.0,
      22860.0,
      25486.0
    ],
    "DPS": [
      53.0,
      60.0,
      61.0,
      68.0,
      75.0
    ],
    "PER": [
      36.04,
      17.42,
      null,
      306.85,
      54.13
    ],
    "PBR": [
      5.03,
      2.37,
      2.47,
      1.67,
      2.36
    ],
    "배당수익률": [
      0.0005,
      0.0011,
      0.0011,
      0.0018,
      0.0012
    ]
  },
  "quarter": {
    "years": [
      "2025/06",
      "2025/09",
      "2025/12",
      "2026/03(E)"
    ],
    "매출액": [
      20283.0,
      20866.0,
      21205.0,
      20147.0
    ],
    "영업이익": [
      1859.0,
      2080.0,
      2327.0,
      1737.0
    ],
    "영업이익(발표기준)": [
      1859.0,
      2080.0,
      2327.0,
      null
    ],
    "당기순이익": [
      1718.0,
      1929.0,
      -471.0,
      1802.0
    ],
    "지배주주순이익": [
      1612.0,
      1249.0,
      335.0,
      1549.0
    ],
    "비지배주주순이익": [
      106.0,
      679.0,
      -805.0,
      null
    ],
    "자산총계": [
      265626.0,
      268914.0,
      277835.0,
      null
    ],
    "부채총계": [
      119730.0,
      122380.0,
      125586.0,
      null
    ],
    "자본총계": [
      145896.0,
      146534.0,
      152249.0,
      null
    ],
    "지배주주지분": [
      105749.0,
      106152.0,
      112762.0,
      null
    ],
    "비지배주주지분": [
      40146.0,
      40381.0,
      39487.0,
      null
    ],
    "자본금": [
      443.0,
      443.0,
      443.0,
      null
    ],
    "ROA": [
      2.62,
      2.89,
      -0.69,
      2.59
    ],
    "ROE": [
      6.15,
      4.72,
      1.22,
      5.49
    ],
    "EPS": [
      364.0,
      283.0,
      76.0,
      350.0
    ],
    "BPS": [
      23927.0,
      24001.0,
      25486.0,
      null
    ],
    "DPS": [
      null,
      null,
      75.0,
      null
    ]
  },
  "consensus": {
    "years": [
      "2026",
      "2027",
      "2028"
    ],
    "매출액": [
      87421.0,
      95512.0,
      96950.0
    ],
    "영업이익": [
      9009.0,
      11019.0,
      9630.0
    ],
    "당기순이익": [
      7166.0,
      8670.0,
      6160.0
    ],
    "지배주주순이익": [
      6732.0,
      8131.0,
      6160.0
    ],
    "지배주주지분": [
      116329.0,
      125808.0,
      152170.0
    ],
    "ROE": [
      0.0588,
      0.0672,
      0.0443
    ],
    "EPS": [
      1520.0,
      1836.0,
      1391.0
    ],
    "BPS": [
      26276.0,
      28416.0,
      34370.0
    ],
    "DPS": [
      76.0,
      80.0,
      75.0
    ],
    "PER": [
      29.73,
      24.61,
      32.49
    ],
    "PBR": [
      1.72,
      1.59,
      1.32
    ],
    "배당수익률": [
      null,
      null,
      null
    ]
  },
  "industry": {
    "종목_PER": 54.13,
    "업종_PER": 18.42,
    "종목_ROE": 4.59,
    "업종_ROE": 7.61,
    "KOSPI_ROE": 7.48,
    "종목_배당": 0.12,
    "업종_배당": 0.74,
    "KOSPI_배당": 2.28
  },
  "finance": {
    "years": [
      "2022/12",
      "2023/12",
      "2024/12",
      "2025/12"
    ],
    "단기차입금": [
      10551.0,
      10525.0,
      14584.0,
      9382.0
    ],
    "이익잉여금": [
      30314.0,
      19221.0,
      19435.0,
      26845.0
    ],
    "세전계속사업이익": [
      12689.0,
      -16482.0,
      497.0,
      6215.0
    ],
    "영업CF": [
      6784.0,
      13411.0,
      12505.0,
      14048.0
    ],
    "배당금지급": [
      -230.0,
      -546.0,
      -435.0,
      -389.0
    ]
  },
  "_market": "KOSPI",
  "_stock_chg": {
    "price": 45200,
    "rate": -0.44,
    "diff": -200,
    "up": false
  },
  "_events": []
}